use SmartParking;

select * FROM ParkingLots;

CREATE TABLE ParkingLots (
    lot_id INT PRIMARY KEY,
    name VARCHAR(100),
    location VARCHAR(100),
    capacity INT
);

CREATE TABLE ParkingSlots (
    slot_id INT PRIMARY KEY,
    lot_id INT,
    slot_number VARCHAR(10),
    is_reserved BOOLEAN,
    FOREIGN KEY (lot_id) REFERENCES ParkingLots(lot_id)
);

CREATE TABLE Vehicles (
    vehicle_id INT PRIMARY KEY,
    plate_number VARCHAR(15),
    owner_name VARCHAR(50),
    vehicle_type VARCHAR(20)
);

CREATE TABLE ParkingRecords (
    record_id INT PRIMARY KEY,
    slot_id INT,
    vehicle_id INT,
    entry_time DATETIME,
    exit_time DATETIME,
    fee DECIMAL(10,2),
    FOREIGN KEY (slot_id) REFERENCES ParkingSlots(slot_id),
    FOREIGN KEY (vehicle_id) REFERENCES Vehicles(vehicle_id)
);

-- Insert ParkingLots
INSERT INTO ParkingLots VALUES (1, 'Lot A', 'Downtown', 50);
INSERT INTO ParkingLots VALUES (2, 'Lot B', 'Mall Area', 40);
INSERT INTO ParkingLots VALUES (3, 'Lot C', 'Airport', 60);
INSERT INTO ParkingLots VALUES (4, 'Lot D', 'Railway Station', 30);
INSERT INTO ParkingLots VALUES (5, 'Lot E', 'IT Park', 70);

-- Insert ParkingSlots
INSERT INTO ParkingSlots VALUES (1, 1, 'S1', 0);
INSERT INTO ParkingSlots VALUES (2, 1, 'S2', 1);
INSERT INTO ParkingSlots VALUES (3, 1, 'S3', 0);
INSERT INTO ParkingSlots VALUES (4, 1, 'S4', 0);
INSERT INTO ParkingSlots VALUES (5, 1, 'S5', 1);
INSERT INTO ParkingSlots VALUES (6, 1, 'S6', 1);
INSERT INTO ParkingSlots VALUES (7, 1, 'S7', 1);
INSERT INTO ParkingSlots VALUES (8, 1, 'S8', 0);
INSERT INTO ParkingSlots VALUES (9, 1, 'S9', 1);
INSERT INTO ParkingSlots VALUES (10, 1, 'S10', 1);
INSERT INTO ParkingSlots VALUES (11, 1, 'S11', 0);
INSERT INTO ParkingSlots VALUES (12, 1, 'S12', 1);
INSERT INTO ParkingSlots VALUES (13, 1, 'S13', 1);
INSERT INTO ParkingSlots VALUES (14, 1, 'S14', 1);
INSERT INTO ParkingSlots VALUES (15, 1, 'S15', 0);
INSERT INTO ParkingSlots VALUES (16, 1, 'S16', 0);
INSERT INTO ParkingSlots VALUES (17, 1, 'S17', 1);
INSERT INTO ParkingSlots VALUES (18, 1, 'S18', 0);
INSERT INTO ParkingSlots VALUES (19, 1, 'S19', 1);
INSERT INTO ParkingSlots VALUES (20, 1, 'S20', 1);
INSERT INTO ParkingSlots VALUES (21, 1, 'S21', 0);
INSERT INTO ParkingSlots VALUES (22, 1, 'S22', 0);
INSERT INTO ParkingSlots VALUES (23, 1, 'S23', 1);
INSERT INTO ParkingSlots VALUES (24, 1, 'S24', 1);
INSERT INTO ParkingSlots VALUES (25, 1, 'S25', 1);
INSERT INTO ParkingSlots VALUES (26, 1, 'S26', 0);
INSERT INTO ParkingSlots VALUES (27, 1, 'S27', 1);
INSERT INTO ParkingSlots VALUES (28, 1, 'S28', 1);
INSERT INTO ParkingSlots VALUES (29, 1, 'S29', 0);
INSERT INTO ParkingSlots VALUES (30, 1, 'S30', 0);
INSERT INTO ParkingSlots VALUES (31, 1, 'S31', 0);
INSERT INTO ParkingSlots VALUES (32, 1, 'S32', 1);
INSERT INTO ParkingSlots VALUES (33, 1, 'S33', 0);
INSERT INTO ParkingSlots VALUES (34, 1, 'S34', 1);
INSERT INTO ParkingSlots VALUES (35, 1, 'S35', 1);
INSERT INTO ParkingSlots VALUES (36, 1, 'S36', 1);
INSERT INTO ParkingSlots VALUES (37, 1, 'S37', 0);
INSERT INTO ParkingSlots VALUES (38, 1, 'S38', 0);
INSERT INTO ParkingSlots VALUES (39, 1, 'S39', 0);
INSERT INTO ParkingSlots VALUES (40, 1, 'S40', 1);
INSERT INTO ParkingSlots VALUES (41, 1, 'S41', 1);
INSERT INTO ParkingSlots VALUES (42, 1, 'S42', 1);
INSERT INTO ParkingSlots VALUES (43, 1, 'S43', 1);
INSERT INTO ParkingSlots VALUES (44, 1, 'S44', 1);
INSERT INTO ParkingSlots VALUES (45, 1, 'S45', 1);
INSERT INTO ParkingSlots VALUES (46, 1, 'S46', 1);
INSERT INTO ParkingSlots VALUES (47, 1, 'S47', 0);
INSERT INTO ParkingSlots VALUES (48, 1, 'S48', 0);
INSERT INTO ParkingSlots VALUES (49, 1, 'S49', 1);
INSERT INTO ParkingSlots VALUES (50, 1, 'S50', 1);
INSERT INTO ParkingSlots VALUES (51, 2, 'S1', 0);
INSERT INTO ParkingSlots VALUES (52, 2, 'S2', 0);
INSERT INTO ParkingSlots VALUES (53, 2, 'S3', 1);
INSERT INTO ParkingSlots VALUES (54, 2, 'S4', 0);
INSERT INTO ParkingSlots VALUES (55, 2, 'S5', 0);
INSERT INTO ParkingSlots VALUES (56, 2, 'S6', 0);
INSERT INTO ParkingSlots VALUES (57, 2, 'S7', 0);
INSERT INTO ParkingSlots VALUES (58, 2, 'S8', 0);
INSERT INTO ParkingSlots VALUES (59, 2, 'S9', 1);
INSERT INTO ParkingSlots VALUES (60, 2, 'S10', 1);
INSERT INTO ParkingSlots VALUES (61, 2, 'S11', 0);
INSERT INTO ParkingSlots VALUES (62, 2, 'S12', 0);
INSERT INTO ParkingSlots VALUES (63, 2, 'S13', 0);
INSERT INTO ParkingSlots VALUES (64, 2, 'S14', 0);
INSERT INTO ParkingSlots VALUES (65, 2, 'S15', 0);
INSERT INTO ParkingSlots VALUES (66, 2, 'S16', 1);
INSERT INTO ParkingSlots VALUES (67, 2, 'S17', 0);
INSERT INTO ParkingSlots VALUES (68, 2, 'S18', 0);
INSERT INTO ParkingSlots VALUES (69, 2, 'S19', 1);
INSERT INTO ParkingSlots VALUES (70, 2, 'S20', 0);
INSERT INTO ParkingSlots VALUES (71, 2, 'S21', 1);
INSERT INTO ParkingSlots VALUES (72, 2, 'S22', 1);
INSERT INTO ParkingSlots VALUES (73, 2, 'S23', 0);
INSERT INTO ParkingSlots VALUES (74, 2, 'S24', 1);
INSERT INTO ParkingSlots VALUES (75, 2, 'S25', 1);
INSERT INTO ParkingSlots VALUES (76, 2, 'S26', 0);
INSERT INTO ParkingSlots VALUES (77, 2, 'S27', 1);
INSERT INTO ParkingSlots VALUES (78, 2, 'S28', 0);
INSERT INTO ParkingSlots VALUES (79, 2, 'S29', 1);
INSERT INTO ParkingSlots VALUES (80, 2, 'S30', 0);
INSERT INTO ParkingSlots VALUES (81, 2, 'S31', 0);
INSERT INTO ParkingSlots VALUES (82, 2, 'S32', 0);
INSERT INTO ParkingSlots VALUES (83, 2, 'S33', 0);
INSERT INTO ParkingSlots VALUES (84, 2, 'S34', 1);
INSERT INTO ParkingSlots VALUES (85, 2, 'S35', 1);
INSERT INTO ParkingSlots VALUES (86, 2, 'S36', 0);
INSERT INTO ParkingSlots VALUES (87, 2, 'S37', 0);
INSERT INTO ParkingSlots VALUES (88, 2, 'S38', 0);
INSERT INTO ParkingSlots VALUES (89, 2, 'S39', 0);
INSERT INTO ParkingSlots VALUES (90, 2, 'S40', 0);
INSERT INTO ParkingSlots VALUES (91, 3, 'S1', 1);
INSERT INTO ParkingSlots VALUES (92, 3, 'S2', 0);
INSERT INTO ParkingSlots VALUES (93, 3, 'S3', 1);
INSERT INTO ParkingSlots VALUES (94, 3, 'S4', 1);
INSERT INTO ParkingSlots VALUES (95, 3, 'S5', 1);
INSERT INTO ParkingSlots VALUES (96, 3, 'S6', 1);
INSERT INTO ParkingSlots VALUES (97, 3, 'S7', 1);
INSERT INTO ParkingSlots VALUES (98, 3, 'S8', 1);
INSERT INTO ParkingSlots VALUES (99, 3, 'S9', 0);
INSERT INTO ParkingSlots VALUES (100, 3, 'S10', 0);
INSERT INTO ParkingSlots VALUES (101, 3, 'S11', 1);
INSERT INTO ParkingSlots VALUES (102, 3, 'S12', 1);
INSERT INTO ParkingSlots VALUES (103, 3, 'S13', 0);
INSERT INTO ParkingSlots VALUES (104, 3, 'S14', 1);
INSERT INTO ParkingSlots VALUES (105, 3, 'S15', 1);
INSERT INTO ParkingSlots VALUES (106, 3, 'S16', 1);
INSERT INTO ParkingSlots VALUES (107, 3, 'S17', 1);
INSERT INTO ParkingSlots VALUES (108, 3, 'S18', 1);
INSERT INTO ParkingSlots VALUES (109, 3, 'S19', 0);
INSERT INTO ParkingSlots VALUES (110, 3, 'S20', 1);
INSERT INTO ParkingSlots VALUES (111, 3, 'S21', 0);
INSERT INTO ParkingSlots VALUES (112, 3, 'S22', 1);
INSERT INTO ParkingSlots VALUES (113, 3, 'S23', 0);
INSERT INTO ParkingSlots VALUES (114, 3, 'S24', 0);
INSERT INTO ParkingSlots VALUES (115, 3, 'S25', 0);
INSERT INTO ParkingSlots VALUES (116, 3, 'S26', 0);
INSERT INTO ParkingSlots VALUES (117, 3, 'S27', 0);
INSERT INTO ParkingSlots VALUES (118, 3, 'S28', 1);
INSERT INTO ParkingSlots VALUES (119, 3, 'S29', 0);
INSERT INTO ParkingSlots VALUES (120, 3, 'S30', 0);
INSERT INTO ParkingSlots VALUES (121, 3, 'S31', 0);
INSERT INTO ParkingSlots VALUES (122, 3, 'S32', 1);
INSERT INTO ParkingSlots VALUES (123, 3, 'S33', 0);
INSERT INTO ParkingSlots VALUES (124, 3, 'S34', 1);
INSERT INTO ParkingSlots VALUES (125, 3, 'S35', 1);
INSERT INTO ParkingSlots VALUES (126, 3, 'S36', 0);
INSERT INTO ParkingSlots VALUES (127, 3, 'S37', 0);
INSERT INTO ParkingSlots VALUES (128, 3, 'S38', 0);
INSERT INTO ParkingSlots VALUES (129, 3, 'S39', 1);
INSERT INTO ParkingSlots VALUES (130, 3, 'S40', 1);
INSERT INTO ParkingSlots VALUES (131, 3, 'S41', 1);
INSERT INTO ParkingSlots VALUES (132, 3, 'S42', 0);
INSERT INTO ParkingSlots VALUES (133, 3, 'S43', 0);
INSERT INTO ParkingSlots VALUES (134, 3, 'S44', 0);
INSERT INTO ParkingSlots VALUES (135, 3, 'S45', 1);
INSERT INTO ParkingSlots VALUES (136, 3, 'S46', 0);
INSERT INTO ParkingSlots VALUES (137, 3, 'S47', 1);
INSERT INTO ParkingSlots VALUES (138, 3, 'S48', 1);
INSERT INTO ParkingSlots VALUES (139, 3, 'S49', 1);
INSERT INTO ParkingSlots VALUES (140, 3, 'S50', 1);
INSERT INTO ParkingSlots VALUES (141, 3, 'S51', 0);
INSERT INTO ParkingSlots VALUES (142, 3, 'S52', 1);
INSERT INTO ParkingSlots VALUES (143, 3, 'S53', 1);
INSERT INTO ParkingSlots VALUES (144, 3, 'S54', 0);
INSERT INTO ParkingSlots VALUES (145, 3, 'S55', 1);
INSERT INTO ParkingSlots VALUES (146, 3, 'S56', 0);
INSERT INTO ParkingSlots VALUES (147, 3, 'S57', 0);
INSERT INTO ParkingSlots VALUES (148, 3, 'S58', 0);
INSERT INTO ParkingSlots VALUES (149, 3, 'S59', 0);
INSERT INTO ParkingSlots VALUES (150, 3, 'S60', 1);
INSERT INTO ParkingSlots VALUES (151, 4, 'S1', 0);
INSERT INTO ParkingSlots VALUES (152, 4, 'S2', 1);
INSERT INTO ParkingSlots VALUES (153, 4, 'S3', 1);
INSERT INTO ParkingSlots VALUES (154, 4, 'S4', 1);
INSERT INTO ParkingSlots VALUES (155, 4, 'S5', 1);
INSERT INTO ParkingSlots VALUES (156, 4, 'S6', 1);
INSERT INTO ParkingSlots VALUES (157, 4, 'S7', 1);
INSERT INTO ParkingSlots VALUES (158, 4, 'S8', 1);
INSERT INTO ParkingSlots VALUES (159, 4, 'S9', 1);
INSERT INTO ParkingSlots VALUES (160, 4, 'S10', 1);
INSERT INTO ParkingSlots VALUES (161, 4, 'S11', 1);
INSERT INTO ParkingSlots VALUES (162, 4, 'S12', 1);
INSERT INTO ParkingSlots VALUES (163, 4, 'S13', 1);
INSERT INTO ParkingSlots VALUES (164, 4, 'S14', 0);
INSERT INTO ParkingSlots VALUES (165, 4, 'S15', 1);
INSERT INTO ParkingSlots VALUES (166, 4, 'S16', 0);
INSERT INTO ParkingSlots VALUES (167, 4, 'S17', 0);
INSERT INTO ParkingSlots VALUES (168, 4, 'S18', 1);
INSERT INTO ParkingSlots VALUES (169, 4, 'S19', 0);
INSERT INTO ParkingSlots VALUES (170, 4, 'S20', 1);
INSERT INTO ParkingSlots VALUES (171, 4, 'S21', 1);
INSERT INTO ParkingSlots VALUES (172, 4, 'S22', 1);
INSERT INTO ParkingSlots VALUES (173, 4, 'S23', 0);
INSERT INTO ParkingSlots VALUES (174, 4, 'S24', 1);
INSERT INTO ParkingSlots VALUES (175, 4, 'S25', 1);
INSERT INTO ParkingSlots VALUES (176, 4, 'S26', 0);
INSERT INTO ParkingSlots VALUES (177, 4, 'S27', 1);
INSERT INTO ParkingSlots VALUES (178, 4, 'S28', 1);
INSERT INTO ParkingSlots VALUES (179, 4, 'S29', 0);
INSERT INTO ParkingSlots VALUES (180, 4, 'S30', 0);
INSERT INTO ParkingSlots VALUES (181, 5, 'S1', 0);
INSERT INTO ParkingSlots VALUES (182, 5, 'S2', 1);
INSERT INTO ParkingSlots VALUES (183, 5, 'S3', 1);
INSERT INTO ParkingSlots VALUES (184, 5, 'S4', 1);
INSERT INTO ParkingSlots VALUES (185, 5, 'S5', 1);
INSERT INTO ParkingSlots VALUES (186, 5, 'S6', 0);
INSERT INTO ParkingSlots VALUES (187, 5, 'S7', 1);
INSERT INTO ParkingSlots VALUES (188, 5, 'S8', 0);
INSERT INTO ParkingSlots VALUES (189, 5, 'S9', 0);
INSERT INTO ParkingSlots VALUES (190, 5, 'S10', 0);
INSERT INTO ParkingSlots VALUES (191, 5, 'S11', 0);
INSERT INTO ParkingSlots VALUES (192, 5, 'S12', 1);
INSERT INTO ParkingSlots VALUES (193, 5, 'S13', 1);
INSERT INTO ParkingSlots VALUES (194, 5, 'S14', 0);
INSERT INTO ParkingSlots VALUES (195, 5, 'S15', 0);
INSERT INTO ParkingSlots VALUES (196, 5, 'S16', 1);
INSERT INTO ParkingSlots VALUES (197, 5, 'S17', 0);
INSERT INTO ParkingSlots VALUES (198, 5, 'S18', 1);
INSERT INTO ParkingSlots VALUES (199, 5, 'S19', 1);
INSERT INTO ParkingSlots VALUES (200, 5, 'S20', 0);
INSERT INTO ParkingSlots VALUES (201, 5, 'S21', 1);
INSERT INTO ParkingSlots VALUES (202, 5, 'S22', 1);
INSERT INTO ParkingSlots VALUES (203, 5, 'S23', 1);
INSERT INTO ParkingSlots VALUES (204, 5, 'S24', 1);
INSERT INTO ParkingSlots VALUES (205, 5, 'S25', 1);
INSERT INTO ParkingSlots VALUES (206, 5, 'S26', 1);
INSERT INTO ParkingSlots VALUES (207, 5, 'S27', 0);
INSERT INTO ParkingSlots VALUES (208, 5, 'S28', 0);
INSERT INTO ParkingSlots VALUES (209, 5, 'S29', 0);
INSERT INTO ParkingSlots VALUES (210, 5, 'S30', 0);
INSERT INTO ParkingSlots VALUES (211, 5, 'S31', 1);
INSERT INTO ParkingSlots VALUES (212, 5, 'S32', 0);
INSERT INTO ParkingSlots VALUES (213, 5, 'S33', 1);
INSERT INTO ParkingSlots VALUES (214, 5, 'S34', 1);
INSERT INTO ParkingSlots VALUES (215, 5, 'S35', 0);
INSERT INTO ParkingSlots VALUES (216, 5, 'S36', 1);
INSERT INTO ParkingSlots VALUES (217, 5, 'S37', 1);
INSERT INTO ParkingSlots VALUES (218, 5, 'S38', 1);
INSERT INTO ParkingSlots VALUES (219, 5, 'S39', 0);
INSERT INTO ParkingSlots VALUES (220, 5, 'S40', 1);
INSERT INTO ParkingSlots VALUES (221, 5, 'S41', 1);
INSERT INTO ParkingSlots VALUES (222, 5, 'S42', 1);
INSERT INTO ParkingSlots VALUES (223, 5, 'S43', 1);
INSERT INTO ParkingSlots VALUES (224, 5, 'S44', 0);
INSERT INTO ParkingSlots VALUES (225, 5, 'S45', 0);
INSERT INTO ParkingSlots VALUES (226, 5, 'S46', 0);
INSERT INTO ParkingSlots VALUES (227, 5, 'S47', 0);
INSERT INTO ParkingSlots VALUES (228, 5, 'S48', 0);
INSERT INTO ParkingSlots VALUES (229, 5, 'S49', 0);
INSERT INTO ParkingSlots VALUES (230, 5, 'S50', 0);
INSERT INTO ParkingSlots VALUES (231, 5, 'S51', 1);
INSERT INTO ParkingSlots VALUES (232, 5, 'S52', 0);
INSERT INTO ParkingSlots VALUES (233, 5, 'S53', 0);
INSERT INTO ParkingSlots VALUES (234, 5, 'S54', 0);
INSERT INTO ParkingSlots VALUES (235, 5, 'S55', 1);
INSERT INTO ParkingSlots VALUES (236, 5, 'S56', 0);
INSERT INTO ParkingSlots VALUES (237, 5, 'S57', 1);
INSERT INTO ParkingSlots VALUES (238, 5, 'S58', 0);
INSERT INTO ParkingSlots VALUES (239, 5, 'S59', 1);
INSERT INTO ParkingSlots VALUES (240, 5, 'S60', 1);
INSERT INTO ParkingSlots VALUES (241, 5, 'S61', 0);
INSERT INTO ParkingSlots VALUES (242, 5, 'S62', 0);
INSERT INTO ParkingSlots VALUES (243, 5, 'S63', 0);
INSERT INTO ParkingSlots VALUES (244, 5, 'S64', 1);
INSERT INTO ParkingSlots VALUES (245, 5, 'S65', 1);
INSERT INTO ParkingSlots VALUES (246, 5, 'S66', 0);
INSERT INTO ParkingSlots VALUES (247, 5, 'S67', 0);
INSERT INTO ParkingSlots VALUES (248, 5, 'S68', 0);
INSERT INTO ParkingSlots VALUES (249, 5, 'S69', 1);
INSERT INTO ParkingSlots VALUES (250, 5, 'S70', 1);

-- Insert Vehicles
INSERT INTO Vehicles VALUES (1, 'MH41-1976', 'Owner1', 'Car');
INSERT INTO Vehicles VALUES (2, 'MH89-2071', 'Owner2', 'EV');
INSERT INTO Vehicles VALUES (3, 'MH46-6374', 'Owner3', 'EV');
INSERT INTO Vehicles VALUES (4, 'MH63-1392', 'Owner4', 'Car');
INSERT INTO Vehicles VALUES (5, 'MH95-1649', 'Owner5', 'Car');
INSERT INTO Vehicles VALUES (6, 'MH41-3783', 'Owner6', 'Bike');
INSERT INTO Vehicles VALUES (7, 'MH96-8732', 'Owner7', 'Car');
INSERT INTO Vehicles VALUES (8, 'MH95-7804', 'Owner8', 'EV');
INSERT INTO Vehicles VALUES (9, 'MH50-2933', 'Owner9', 'Bike');
INSERT INTO Vehicles VALUES (10, 'MH88-3579', 'Owner10', 'Bike');
INSERT INTO Vehicles VALUES (11, 'MH14-3339', 'Owner11', 'Bike');
INSERT INTO Vehicles VALUES (12, 'MH48-2509', 'Owner12', 'EV');
INSERT INTO Vehicles VALUES (13, 'MH77-8965', 'Owner13', 'Car');
INSERT INTO Vehicles VALUES (14, 'MH57-1368', 'Owner14', 'EV');
INSERT INTO Vehicles VALUES (15, 'MH31-4552', 'Owner15', 'Bike');
INSERT INTO Vehicles VALUES (16, 'MH96-7492', 'Owner16', 'Bike');
INSERT INTO Vehicles VALUES (17, 'MH12-9506', 'Owner17', 'EV');
INSERT INTO Vehicles VALUES (18, 'MH96-1525', 'Owner18', 'Bike');
INSERT INTO Vehicles VALUES (19, 'MH67-1401', 'Owner19', 'Car');
INSERT INTO Vehicles VALUES (20, 'MH11-9247', 'Owner20', 'EV');
INSERT INTO Vehicles VALUES (21, 'MH22-3811', 'Owner21', 'Bike');
INSERT INTO Vehicles VALUES (22, 'MH96-9613', 'Owner22', 'Bike');
INSERT INTO Vehicles VALUES (23, 'MH22-3844', 'Owner23', 'EV');
INSERT INTO Vehicles VALUES (24, 'MH92-2988', 'Owner24', 'EV');
INSERT INTO Vehicles VALUES (25, 'MH85-1221', 'Owner25', 'Bike');
INSERT INTO Vehicles VALUES (26, 'MH53-6706', 'Owner26', 'EV');
INSERT INTO Vehicles VALUES (27, 'MH16-2992', 'Owner27', 'Car');
INSERT INTO Vehicles VALUES (28, 'MH22-3216', 'Owner28', 'Car');
INSERT INTO Vehicles VALUES (29, 'MH28-1620', 'Owner29', 'Car');
INSERT INTO Vehicles VALUES (30, 'MH73-4119', 'Owner30', 'Bike');
INSERT INTO Vehicles VALUES (31, 'MH37-6467', 'Owner31', 'Bike');
INSERT INTO Vehicles VALUES (32, 'MH93-9287', 'Owner32', 'Bike');
INSERT INTO Vehicles VALUES (33, 'MH82-7947', 'Owner33', 'Car');
INSERT INTO Vehicles VALUES (34, 'MH93-9059', 'Owner34', 'Bike');
INSERT INTO Vehicles VALUES (35, 'MH76-7250', 'Owner35', 'EV');
INSERT INTO Vehicles VALUES (36, 'MH95-2404', 'Owner36', 'Car');
INSERT INTO Vehicles VALUES (37, 'MH54-6505', 'Owner37', 'EV');
INSERT INTO Vehicles VALUES (38, 'MH28-1384', 'Owner38', 'Car');
INSERT INTO Vehicles VALUES (39, 'MH96-7482', 'Owner39', 'Bike');
INSERT INTO Vehicles VALUES (40, 'MH83-6875', 'Owner40', 'EV');
INSERT INTO Vehicles VALUES (41, 'MH69-6085', 'Owner41', 'EV');
INSERT INTO Vehicles VALUES (42, 'MH40-8713', 'Owner42', 'Bike');
INSERT INTO Vehicles VALUES (43, 'MH16-2582', 'Owner43', 'Car');
INSERT INTO Vehicles VALUES (44, 'MH25-7738', 'Owner44', 'EV');
INSERT INTO Vehicles VALUES (45, 'MH31-6291', 'Owner45', 'Car');
INSERT INTO Vehicles VALUES (46, 'MH79-1550', 'Owner46', 'EV');
INSERT INTO Vehicles VALUES (47, 'MH49-2365', 'Owner47', 'Bike');
INSERT INTO Vehicles VALUES (48, 'MH55-4774', 'Owner48', 'Car');
INSERT INTO Vehicles VALUES (49, 'MH96-4906', 'Owner49', 'Bike');
INSERT INTO Vehicles VALUES (50, 'MH61-9779', 'Owner50', 'Bike');

-- Insert ParkingRecords
INSERT INTO ParkingRecords VALUES (1, 128, 20, '2025-01-08 13:00:00', '2025-01-08 14:00:00', 102.04);
INSERT INTO ParkingRecords VALUES (2, 163, 23, '2025-01-30 12:00:00', '2025-01-30 17:00:00', 149.51);
INSERT INTO ParkingRecords VALUES (3, 93, 36, '2025-01-28 09:00:00', '2025-01-28 11:00:00', 168.72);
INSERT INTO ParkingRecords VALUES (4, 64, 12, '2025-01-23 15:00:00', '2025-01-23 19:00:00', 108.27);
INSERT INTO ParkingRecords VALUES (5, 198, 15, '2025-01-08 20:00:00', '2025-01-09 02:00:00', 34.72);
INSERT INTO ParkingRecords VALUES (6, 211, 12, '2025-01-11 19:00:00', '2025-01-11 22:00:00', 28.78);
INSERT INTO ParkingRecords VALUES (7, 130, 2, '2025-01-16 10:00:00', '2025-01-16 11:00:00', 125.5);
INSERT INTO ParkingRecords VALUES (8, 215, 47, '2025-01-13 15:00:00', '2025-01-13 18:00:00', 137.58);
INSERT INTO ParkingRecords VALUES (9, 191, 43, '2025-01-04 14:00:00', '2025-01-04 17:00:00', 88.56);
INSERT INTO ParkingRecords VALUES (10, 97, 8, '2025-01-09 10:00:00', '2025-01-09 15:00:00', 101.53);
INSERT INTO ParkingRecords VALUES (11, 182, 9, '2025-01-17 20:00:00', '2025-01-17 22:00:00', 124.11);
INSERT INTO ParkingRecords VALUES (12, 177, 29, '2025-01-27 17:00:00', '2025-01-27 23:00:00', 31.88);
INSERT INTO ParkingRecords VALUES (13, 103, 44, '2025-01-29 11:00:00', '2025-01-29 13:00:00', 152.13);
INSERT INTO ParkingRecords VALUES (14, 2, 16, '2025-01-17 09:00:00', '2025-01-17 11:00:00', 189.35);
INSERT INTO ParkingRecords VALUES (15, 211, 49, '2025-01-12 18:00:00', '2025-01-12 23:00:00', 152.1);
INSERT INTO ParkingRecords VALUES (16, 97, 7, '2025-01-10 15:00:00', '2025-01-10 17:00:00', 199.99);
INSERT INTO ParkingRecords VALUES (17, 36, 34, '2025-01-03 18:00:00', '2025-01-03 22:00:00', 175.81);
INSERT INTO ParkingRecords VALUES (18, 28, 21, '2025-01-08 12:00:00', '2025-01-08 17:00:00', 37.89);
INSERT INTO ParkingRecords VALUES (19, 112, 25, '2025-01-05 16:00:00', '2025-01-05 21:00:00', 56.18);
INSERT INTO ParkingRecords VALUES (20, 239, 39, '2025-01-06 13:00:00', '2025-01-06 16:00:00', 120.89);
INSERT INTO ParkingRecords VALUES (21, 79, 3, '2025-01-09 20:00:00', '2025-01-10 01:00:00', 75.83);
INSERT INTO ParkingRecords VALUES (22, 83, 14, '2025-01-13 09:00:00', '2025-01-13 10:00:00', 41.25);
INSERT INTO ParkingRecords VALUES (23, 47, 14, '2025-01-15 16:00:00', '2025-01-15 18:00:00', 76.84);
INSERT INTO ParkingRecords VALUES (24, 24, 39, '2025-01-16 15:00:00', '2025-01-16 18:00:00', 62.09);
INSERT INTO ParkingRecords VALUES (25, 42, 40, '2025-01-15 12:00:00', '2025-01-15 14:00:00', 63.05);
INSERT INTO ParkingRecords VALUES (26, 233, 21, '2025-01-15 12:00:00', '2025-01-15 16:00:00', 159.46);
INSERT INTO ParkingRecords VALUES (27, 44, 35, '2025-01-12 12:00:00', '2025-01-12 18:00:00', 23.94);
INSERT INTO ParkingRecords VALUES (28, 124, 28, '2025-01-04 16:00:00', '2025-01-04 22:00:00', 38.06);
INSERT INTO ParkingRecords VALUES (29, 131, 10, '2025-01-03 13:00:00', '2025-01-03 17:00:00', 153.38);
INSERT INTO ParkingRecords VALUES (30, 43, 25, '2025-01-18 15:00:00', '2025-01-18 17:00:00', 121.37);
INSERT INTO ParkingRecords VALUES (31, 166, 28, '2025-01-22 18:00:00', '2025-01-22 23:00:00', 88.65);
INSERT INTO ParkingRecords VALUES (32, 197, 19, '2025-01-28 14:00:00', '2025-01-28 16:00:00', 82.66);
INSERT INTO ParkingRecords VALUES (33, 199, 47, '2025-01-09 09:00:00', '2025-01-09 14:00:00', 123.99);
INSERT INTO ParkingRecords VALUES (34, 108, 11, '2025-01-26 11:00:00', '2025-01-26 13:00:00', 78.71);
INSERT INTO ParkingRecords VALUES (35, 196, 4, '2025-01-17 15:00:00', '2025-01-17 20:00:00', 49.58);
INSERT INTO ParkingRecords VALUES (36, 221, 33, '2025-01-18 12:00:00', '2025-01-18 17:00:00', 28.71);
INSERT INTO ParkingRecords VALUES (37, 13, 19, '2025-01-02 11:00:00', '2025-01-02 12:00:00', 124.44);
INSERT INTO ParkingRecords VALUES (38, 90, 17, '2025-01-02 11:00:00', '2025-01-02 17:00:00', 180.55);
INSERT INTO ParkingRecords VALUES (39, 224, 36, '2025-01-31 16:00:00', '2025-01-31 21:00:00', 25.1);
INSERT INTO ParkingRecords VALUES (40, 179, 42, '2025-01-17 14:00:00', '2025-01-17 16:00:00', 81.84);
INSERT INTO ParkingRecords VALUES (41, 210, 21, '2025-01-20 13:00:00', '2025-01-20 16:00:00', 127.45);
INSERT INTO ParkingRecords VALUES (42, 207, 50, '2025-01-11 18:00:00', '2025-01-11 22:00:00', 152.86);
INSERT INTO ParkingRecords VALUES (43, 154, 37, '2025-01-03 20:00:00', '2025-01-03 23:00:00', 25.47);
INSERT INTO ParkingRecords VALUES (44, 47, 39, '2025-01-08 20:00:00', '2025-01-08 21:00:00', 74.37);
INSERT INTO ParkingRecords VALUES (45, 7, 30, '2025-01-23 08:00:00', '2025-01-23 12:00:00', 51.22);
INSERT INTO ParkingRecords VALUES (46, 202, 42, '2025-01-01 17:00:00', '2025-01-01 20:00:00', 60.45);
INSERT INTO ParkingRecords VALUES (47, 204, 33, '2025-01-08 15:00:00', '2025-01-08 18:00:00', 116.87);
INSERT INTO ParkingRecords VALUES (48, 82, 23, '2025-01-04 13:00:00', '2025-01-04 19:00:00', 134.81);
INSERT INTO ParkingRecords VALUES (49, 245, 28, '2025-01-23 11:00:00', '2025-01-23 16:00:00', 117.66);
INSERT INTO ParkingRecords VALUES (50, 63, 25, '2025-01-08 09:00:00', '2025-01-08 12:00:00', 27.41);
INSERT INTO ParkingRecords VALUES (51, 105, 24, '2025-01-18 18:00:00', '2025-01-18 20:00:00', 45.95);
INSERT INTO ParkingRecords VALUES (52, 87, 14, '2025-01-18 17:00:00', '2025-01-18 23:00:00', 36.21);
INSERT INTO ParkingRecords VALUES (53, 158, 43, '2025-01-14 20:00:00', '2025-01-14 22:00:00', 73.64);
INSERT INTO ParkingRecords VALUES (54, 133, 27, '2025-01-25 18:00:00', '2025-01-25 21:00:00', 126.17);
INSERT INTO ParkingRecords VALUES (55, 135, 23, '2025-01-25 14:00:00', '2025-01-25 18:00:00', 31.35);
INSERT INTO ParkingRecords VALUES (56, 36, 26, '2025-01-16 18:00:00', '2025-01-16 20:00:00', 148.07);
INSERT INTO ParkingRecords VALUES (57, 166, 14, '2025-01-03 17:00:00', '2025-01-03 19:00:00', 27.2);
INSERT INTO ParkingRecords VALUES (58, 168, 47, '2025-01-07 14:00:00', '2025-01-07 16:00:00', 199.64);
INSERT INTO ParkingRecords VALUES (59, 147, 17, '2025-01-18 19:00:00', '2025-01-19 01:00:00', 35.62);
INSERT INTO ParkingRecords VALUES (60, 97, 31, '2025-01-18 19:00:00', '2025-01-18 23:00:00', 31.76);
INSERT INTO ParkingRecords VALUES (61, 131, 29, '2025-01-15 14:00:00', '2025-01-15 17:00:00', 44.29);
INSERT INTO ParkingRecords VALUES (62, 130, 46, '2025-01-07 12:00:00', '2025-01-07 15:00:00', 163.54);
INSERT INTO ParkingRecords VALUES (63, 28, 11, '2025-01-27 16:00:00', '2025-01-27 20:00:00', 132.02);
INSERT INTO ParkingRecords VALUES (64, 180, 43, '2025-01-22 11:00:00', '2025-01-22 17:00:00', 23.3);
INSERT INTO ParkingRecords VALUES (65, 180, 24, '2025-01-24 19:00:00', '2025-01-24 22:00:00', 74.41);
INSERT INTO ParkingRecords VALUES (66, 127, 40, '2025-01-06 08:00:00', '2025-01-06 13:00:00', 180.72);
INSERT INTO ParkingRecords VALUES (67, 228, 24, '2025-01-04 10:00:00', '2025-01-04 16:00:00', 79.18);
INSERT INTO ParkingRecords VALUES (68, 111, 15, '2025-01-13 16:00:00', '2025-01-13 20:00:00', 125.18);
INSERT INTO ParkingRecords VALUES (69, 170, 47, '2025-01-02 18:00:00', '2025-01-02 21:00:00', 168.78);
INSERT INTO ParkingRecords VALUES (70, 148, 24, '2025-01-12 18:00:00', '2025-01-12 21:00:00', 86.79);
INSERT INTO ParkingRecords VALUES (71, 166, 50, '2025-01-02 17:00:00', '2025-01-02 19:00:00', 132.52);
INSERT INTO ParkingRecords VALUES (72, 223, 4, '2025-01-06 19:00:00', '2025-01-07 01:00:00', 159.22);
INSERT INTO ParkingRecords VALUES (73, 180, 4, '2025-01-13 16:00:00', '2025-01-13 17:00:00', 196.67);
INSERT INTO ParkingRecords VALUES (74, 113, 37, '2025-01-01 11:00:00', '2025-01-01 15:00:00', 132.42);
INSERT INTO ParkingRecords VALUES (75, 45, 50, '2025-01-22 13:00:00', '2025-01-22 19:00:00', 120.05);
INSERT INTO ParkingRecords VALUES (76, 112, 17, '2025-01-12 11:00:00', '2025-01-12 15:00:00', 54.31);
INSERT INTO ParkingRecords VALUES (77, 115, 17, '2025-01-24 12:00:00', '2025-01-24 15:00:00', 110.57);
INSERT INTO ParkingRecords VALUES (78, 225, 38, '2025-01-27 09:00:00', '2025-01-27 13:00:00', 184.76);
INSERT INTO ParkingRecords VALUES (79, 220, 8, '2025-01-05 17:00:00', '2025-01-05 22:00:00', 56.32);
INSERT INTO ParkingRecords VALUES (80, 237, 39, '2025-01-21 14:00:00', '2025-01-21 16:00:00', 172.29);
INSERT INTO ParkingRecords VALUES (81, 96, 1, '2025-01-30 10:00:00', '2025-01-30 11:00:00', 113.72);
INSERT INTO ParkingRecords VALUES (82, 192, 23, '2025-01-22 19:00:00', '2025-01-23 00:00:00', 192.12);
INSERT INTO ParkingRecords VALUES (83, 6, 40, '2025-01-09 14:00:00', '2025-01-09 16:00:00', 81.78);
INSERT INTO ParkingRecords VALUES (84, 59, 31, '2025-01-12 11:00:00', '2025-01-12 14:00:00', 99.57);
INSERT INTO ParkingRecords VALUES (85, 188, 4, '2025-01-14 17:00:00', '2025-01-14 20:00:00', 104.83);
INSERT INTO ParkingRecords VALUES (86, 243, 48, '2025-01-07 11:00:00', '2025-01-07 15:00:00', 123.41);
INSERT INTO ParkingRecords VALUES (87, 11, 19, '2025-01-19 14:00:00', '2025-01-19 18:00:00', 138.24);
INSERT INTO ParkingRecords VALUES (88, 89, 32, '2025-01-07 14:00:00', '2025-01-07 20:00:00', 135.21);
INSERT INTO ParkingRecords VALUES (89, 50, 11, '2025-01-17 15:00:00', '2025-01-17 18:00:00', 138.32);
INSERT INTO ParkingRecords VALUES (90, 140, 40, '2025-01-02 11:00:00', '2025-01-02 13:00:00', 26.05);
INSERT INTO ParkingRecords VALUES (91, 65, 45, '2025-01-07 17:00:00', '2025-01-07 18:00:00', 77.59);
INSERT INTO ParkingRecords VALUES (92, 179, 6, '2025-01-29 09:00:00', '2025-01-29 11:00:00', 103.28);
INSERT INTO ParkingRecords VALUES (93, 244, 4, '2025-01-03 10:00:00', '2025-01-03 15:00:00', 37.16);
INSERT INTO ParkingRecords VALUES (94, 226, 15, '2025-01-25 20:00:00', '2025-01-25 22:00:00', 169.51);
INSERT INTO ParkingRecords VALUES (95, 150, 32, '2025-01-18 19:00:00', '2025-01-18 20:00:00', 86.14);
INSERT INTO ParkingRecords VALUES (96, 219, 19, '2025-01-30 12:00:00', '2025-01-30 15:00:00', 180.2);
INSERT INTO ParkingRecords VALUES (97, 103, 14, '2025-01-15 17:00:00', '2025-01-15 20:00:00', 172.74);
INSERT INTO ParkingRecords VALUES (98, 85, 34, '2025-01-06 13:00:00', '2025-01-06 15:00:00', 190.06);
INSERT INTO ParkingRecords VALUES (99, 79, 16, '2025-01-20 18:00:00', '2025-01-20 19:00:00', 74.88);
INSERT INTO ParkingRecords VALUES (100, 163, 18, '2025-01-12 17:00:00', '2025-01-12 23:00:00', 40.98);
INSERT INTO ParkingRecords VALUES (101, 129, 6, '2025-01-07 18:00:00', '2025-01-07 22:00:00', 43.82);
INSERT INTO ParkingRecords VALUES (102, 163, 49, '2025-01-29 12:00:00', '2025-01-29 17:00:00', 75.33);
INSERT INTO ParkingRecords VALUES (103, 10, 12, '2025-01-21 09:00:00', '2025-01-21 12:00:00', 192.43);
INSERT INTO ParkingRecords VALUES (104, 155, 26, '2025-01-17 20:00:00', '2025-01-18 02:00:00', 99.43);
INSERT INTO ParkingRecords VALUES (105, 93, 20, '2025-01-20 14:00:00', '2025-01-20 16:00:00', 78.34);
INSERT INTO ParkingRecords VALUES (106, 140, 36, '2025-01-15 16:00:00', '2025-01-15 20:00:00', 189.04);
INSERT INTO ParkingRecords VALUES (107, 118, 15, '2025-01-13 19:00:00', '2025-01-13 23:00:00', 170.86);
INSERT INTO ParkingRecords VALUES (108, 192, 26, '2025-01-14 13:00:00', '2025-01-14 19:00:00', 136.88);
INSERT INTO ParkingRecords VALUES (109, 221, 33, '2025-01-24 18:00:00', '2025-01-24 20:00:00', 68.13);
INSERT INTO ParkingRecords VALUES (110, 106, 40, '2025-01-14 12:00:00', '2025-01-14 15:00:00', 192.72);
INSERT INTO ParkingRecords VALUES (111, 105, 45, '2025-01-30 13:00:00', '2025-01-30 15:00:00', 100.45);
INSERT INTO ParkingRecords VALUES (112, 69, 27, '2025-01-08 14:00:00', '2025-01-08 16:00:00', 117.69);
INSERT INTO ParkingRecords VALUES (113, 168, 25, '2025-01-14 14:00:00', '2025-01-14 15:00:00', 21.59);
INSERT INTO ParkingRecords VALUES (114, 134, 43, '2025-01-05 11:00:00', '2025-01-05 15:00:00', 164.59);
INSERT INTO ParkingRecords VALUES (115, 179, 20, '2025-01-17 14:00:00', '2025-01-17 19:00:00', 31.23);
INSERT INTO ParkingRecords VALUES (116, 229, 38, '2025-01-25 19:00:00', '2025-01-25 23:00:00', 190.12);
INSERT INTO ParkingRecords VALUES (117, 146, 45, '2025-01-01 14:00:00', '2025-01-01 20:00:00', 195.9);
INSERT INTO ParkingRecords VALUES (118, 250, 13, '2025-01-01 13:00:00', '2025-01-01 19:00:00', 150.98);
INSERT INTO ParkingRecords VALUES (119, 199, 43, '2025-01-07 10:00:00', '2025-01-07 14:00:00', 117.83);
INSERT INTO ParkingRecords VALUES (120, 24, 35, '2025-01-02 16:00:00', '2025-01-02 17:00:00', 64.74);
INSERT INTO ParkingRecords VALUES (121, 49, 48, '2025-01-17 08:00:00', '2025-01-17 13:00:00', 98.26);
INSERT INTO ParkingRecords VALUES (122, 76, 25, '2025-01-27 14:00:00', '2025-01-27 20:00:00', 53.65);
INSERT INTO ParkingRecords VALUES (123, 248, 3, '2025-01-02 18:00:00', '2025-01-02 22:00:00', 42.66);
INSERT INTO ParkingRecords VALUES (124, 15, 31, '2025-01-17 08:00:00', '2025-01-17 12:00:00', 132.64);
INSERT INTO ParkingRecords VALUES (125, 48, 39, '2025-01-05 12:00:00', '2025-01-05 14:00:00', 186.67);
INSERT INTO ParkingRecords VALUES (126, 113, 2, '2025-01-27 20:00:00', '2025-01-27 21:00:00', 164.67);
INSERT INTO ParkingRecords VALUES (127, 163, 5, '2025-01-29 11:00:00', '2025-01-29 16:00:00', 115.41);
INSERT INTO ParkingRecords VALUES (128, 46, 39, '2025-01-31 08:00:00', '2025-01-31 12:00:00', 188.69);
INSERT INTO ParkingRecords VALUES (129, 61, 20, '2025-01-08 15:00:00', '2025-01-08 16:00:00', 115.6);
INSERT INTO ParkingRecords VALUES (130, 93, 14, '2025-01-26 13:00:00', '2025-01-26 15:00:00', 28.54);
INSERT INTO ParkingRecords VALUES (131, 240, 2, '2025-01-23 14:00:00', '2025-01-23 20:00:00', 161.14);
INSERT INTO ParkingRecords VALUES (132, 160, 29, '2025-01-08 17:00:00', '2025-01-08 21:00:00', 82.07);
INSERT INTO ParkingRecords VALUES (133, 191, 8, '2025-01-13 16:00:00', '2025-01-13 17:00:00', 178.29);
INSERT INTO ParkingRecords VALUES (134, 91, 23, '2025-01-13 10:00:00', '2025-01-13 16:00:00', 179.02);
INSERT INTO ParkingRecords VALUES (135, 225, 36, '2025-01-14 11:00:00', '2025-01-14 14:00:00', 198.47);
INSERT INTO ParkingRecords VALUES (136, 40, 26, '2025-01-24 16:00:00', '2025-01-24 18:00:00', 94.37);
INSERT INTO ParkingRecords VALUES (137, 239, 17, '2025-01-04 15:00:00', '2025-01-04 16:00:00', 60.43);
INSERT INTO ParkingRecords VALUES (138, 188, 21, '2025-01-01 15:00:00', '2025-01-01 20:00:00', 116.55);
INSERT INTO ParkingRecords VALUES (139, 216, 12, '2025-01-26 14:00:00', '2025-01-26 20:00:00', 188.41);
INSERT INTO ParkingRecords VALUES (140, 108, 14, '2025-01-21 12:00:00', '2025-01-21 17:00:00', 71.8);
INSERT INTO ParkingRecords VALUES (141, 105, 16, '2025-01-20 17:00:00', '2025-01-20 20:00:00', 28.27);
INSERT INTO ParkingRecords VALUES (142, 239, 50, '2025-01-13 13:00:00', '2025-01-13 16:00:00', 175.83);
INSERT INTO ParkingRecords VALUES (143, 204, 43, '2025-01-19 19:00:00', '2025-01-19 20:00:00', 109.24);
INSERT INTO ParkingRecords VALUES (144, 161, 42, '2025-01-17 09:00:00', '2025-01-17 10:00:00', 163.49);
INSERT INTO ParkingRecords VALUES (145, 44, 50, '2025-01-28 12:00:00', '2025-01-28 17:00:00', 154.09);
INSERT INTO ParkingRecords VALUES (146, 10, 19, '2025-01-02 10:00:00', '2025-01-02 11:00:00', 22.81);
INSERT INTO ParkingRecords VALUES (147, 128, 23, '2025-01-29 19:00:00', '2025-01-29 23:00:00', 119.92);
INSERT INTO ParkingRecords VALUES (148, 100, 32, '2025-01-03 09:00:00', '2025-01-03 13:00:00', 168.3);
INSERT INTO ParkingRecords VALUES (149, 84, 11, '2025-01-01 17:00:00', '2025-01-01 22:00:00', 105.73);
INSERT INTO ParkingRecords VALUES (150, 5, 33, '2025-01-16 15:00:00', '2025-01-16 20:00:00', 85.7);
INSERT INTO ParkingRecords VALUES (151, 40, 6, '2025-01-22 08:00:00', '2025-01-22 13:00:00', 37.6);
INSERT INTO ParkingRecords VALUES (152, 102, 16, '2025-01-06 14:00:00', '2025-01-06 20:00:00', 178.55);
INSERT INTO ParkingRecords VALUES (153, 238, 35, '2025-01-14 20:00:00', '2025-01-15 00:00:00', 199.77);
INSERT INTO ParkingRecords VALUES (154, 36, 8, '2025-01-30 08:00:00', '2025-01-30 11:00:00', 152.49);
INSERT INTO ParkingRecords VALUES (155, 240, 15, '2025-01-12 08:00:00', '2025-01-12 10:00:00', 154.41);
INSERT INTO ParkingRecords VALUES (156, 109, 8, '2025-01-14 18:00:00', '2025-01-14 19:00:00', 147.5);
INSERT INTO ParkingRecords VALUES (157, 80, 13, '2025-01-03 14:00:00', '2025-01-03 20:00:00', 151.32);
INSERT INTO ParkingRecords VALUES (158, 237, 47, '2025-01-26 20:00:00', '2025-01-27 00:00:00', 194.79);
INSERT INTO ParkingRecords VALUES (159, 137, 7, '2025-01-24 17:00:00', '2025-01-24 22:00:00', 146.46);
INSERT INTO ParkingRecords VALUES (160, 96, 22, '2025-01-03 11:00:00', '2025-01-03 12:00:00', 66.13);
